DROP TABLE IF EXISTS t1;
CREATE TABLE t1(a INT);
INSERT INTO t1 VALUES (10);
SELECT a FROM t1;
a
10
INSERT INTO t1 VALUES (20);
SELECT a FROM t1;
a
10
20
INSERT INTO t1 VALUES (30);
SELECT a FROM t1;
a
10
20
30
DROP TABLE t1;
